scale,mean,var
59670.59020525,98943.45892213,3560579335.44237471
28733.13306135,69821.49787220,825592935.52108800
24123.33632498,66306.36107592,581935355.44786215
43171.93168011,58820.87986876,1863815684.99196148
20401.47122821,50240.09203132,416220028.27567875
27677.04635104,49565.98005393,766018894.71746862
62932.36890975,68990.07994672,3960483056.59260702
24197.88906635,64619.77100997,585537835.26734090
19468.32577236,48847.63713738,379015708.37887144
41089.86846048,71123.24292629,1688377290.09990239
35515.77461318,65252.45047591,1261370246.37392592
24254.81035229,64758.23084170,588295825.22572589
41182.09382780,58396.79228795,1695964852.04183269
19560.38366070,41370.28398792,382608608.95375037
15497.88557137,31140.64048338,240184457.18312827
43199.55576656,58803.75869798,1866201618.42794180
23304.74427436,61141.13712114,543111105.69340956
28357.78126484,43947.76984050,804163758.26463056
47002.51963605,70305.25647273,2209236852.13741350
15490.14777967,31130.18848065,239944678.23605266
29065.63829921,47665.58707728,844811329.74025881
38191.82874228,44009.19682942,1458615782.67939734
84683.97349296,80159.12120326,7171375366.55713749
35352.52397193,64991.75726862,1249800951.18618226
41559.69072265,55114.88516389,1727207892.96224785
106558.71907787,97494.46428223,11354760611.51724815
84754.68446535,80236.77282916,7183356538.82091522
62924.65907615,69027.80388526,3959512719.84929132
23986.67510341,61250.96806679,575360582.51670027
32121.89401772,51728.27226066,1031816075.28536046
46846.46675549,70271.54253971,2194591447.47314882
24121.64954549,66225.26959686,581853976.79549217
23553.90889695,59263.30653283,554786624.32587743
38004.99307473,50732.42396777,1444379498.61039758
32238.77523836,51947.56095897,1039338628.86975205
19543.80368745,41409.38670695,381960262.57358325
38950.12892353,67430.91092486,1517112543.15953112
83514.51638703,85317.24175681,6974674447.35886765
106682.07800996,97652.19650456,11381065768.52366829
41004.55912334,71070.19663451,1681373868.89935303
35811.25796045,58118.93551636,1282446196.71023750
83633.49600930,85465.18416009,6994561654.73771191
38313.88109474,44211.51889030,1467953484.54168153
27667.29904972,49688.87434623,765479436.70649660
28909.44556916,69054.65672612,835756043.11599076
37979.64938032,50709.33521749,1442453767.05201483
28388.90099052,44083.99314557,805929699.44935369
28646.64326396,69948.12286002,820630170.29286718
44984.66328112,74544.60731573,2023619930.51578259
28896.36230787,68915.34519053,834999754.62775660
24005.95860499,61422.52545236,576286048.54464769
41223.29046772,58351.06435370,1699359676.98584628
17112.09523427,41187.67407335,292823803.30672956
35713.22878054,57931.18779846,1275434709.93090940
41519.23314877,55072.48627489,1723846721.26219797
19470.54671715,48794.19627717,379102189.46490604
17089.66473283,41270.70938505,292056640.68051237
38863.03978378,67387.60357990,1510335861.23566771
29083.53634415,47785.71243868,845852086.28160477
20352.23395349,50320.10830653,414213426.89741093
45040.03009427,74531.08605399,2028604310.89279580
23547.99384882,59178.10577267,554508014.30411315
23249.54156796,61267.98759055,540541183.12052977
59732.81150657,98994.13286554,3568008770.47923756
24003.50737338,35132.19468538,576168366.22409415
10647.66619721,21660.14839359,113372795.44723265
9839.90550617,19600.46808303,96823740.37041226
18201.16760264,22546.45590098,331282502.09953463
9408.88865845,17819.85160641,88527185.78715973
7257.71011670,15481.26894715,52674356.13807567
11361.66054263,16185.35314947,129087330.28593387
9130.91450156,20331.91459572,83373599.63481326
7387.94161124,15126.90533736,54581681.25114983
7726.43409897,18427.55715817,59697783.88568972
5515.65522820,14256.51619400,30422452.59635796
7111.07947179,18493.39031284,50567451.25411403
15156.90734817,19296.12321736,229731840.36096850
7802.04318457,12193.58873404,60871877.85392539
6695.84545478,8879.51041159,44834346.35436482
14885.50529795,18449.84975473,221578267.97531489
8667.96289825,17579.44193224,75133580.80544262
5056.01896288,10354.90728649,25563327.75302589
6611.05313899,13512.55634604,43706023.60660180
6081.01540250,8791.10908618,36978748.32549410
6054.13107342,11811.73933665,36652503.05416732
5911.15777197,9313.35831465,34941786.20510631
11234.15936273,13403.75298054,126206336.58713271
6633.76148084,15034.74226034,44006791.38463096
9669.25156866,13669.11840951,93494425.89804161
20460.23159106,20707.47259851,418621076.75992388
17173.48405347,17125.25777215,294928554.53476042
17075.43674512,17486.73608810,291570540.03657860
7321.46483837,17534.90472014,53603847.37951302
6971.16244696,13281.72653737,48597105.86193661
8440.96129439,15333.29230419,71249827.57333070
7115.38049694,18468.12497158,50628639.61622460
7522.69927822,17124.62641718,56591004.43055586
5456.96164549,11515.20751714,29778430.40029821
4066.80624515,9534.27661372,16538913.03555972
7144.84831505,10671.53691973,51048857.44507653
8768.90408705,18751.78237989,76893678.88780019
13249.28309659,18839.30253711,175543502.57347986
14883.90461895,17726.37556443,221530616.70607549
7174.48084758,15803.07663321,51473175.43229167
8078.34025030,17381.09372056,65259581.19964299
16133.27366096,21500.49014066,260282519.01935428
6861.09569338,11276.28424780,47074634.11366075
6644.27739297,15091.46334016,44146422.07472901
7627.30391495,20714.09203132,58175765.01095660
6726.11324758,13215.46480200,45240599.41927772
4572.05192244,10436.44547315,20903658.78147771
9133.39332809,20389.57772147,83418873.68553424
15670.31560057,20117.13907027,245558791.02133149
7052.52618720,14671.37475230,49738125.62118194
6588.60216017,11102.86015008,43409678.42500577
14097.83318876,12503.13481467,198748900.61815062
6195.08496839,9986.65831790,38379077.76552588
5167.03546355,11229.33144918,26698255.48157177
5351.88511414,9482.22090115,28642674.27495306
7151.81090656,10670.39352890,51148399.24317952
4732.47060754,7586.24445311,22396278.05124539
3566.62257017,9075.60435955,12720796.55805136
2385.84508516,5679.90881331,5692256.77039401
6092.81430445,8797.63057532,37122386.14848816
14087.73473151,16926.54572329,198464269.86549157
6807.29332944,10475.33827112,46339242.47307214
5605.55185400,8852.02813241,31422211.58787749
18225.16240876,22547.52119676,332156544.82571447
10814.54652173,19836.75385765,116954416.47058424
9189.26998999,18605.47968034,84442682.94886899
5934.79430277,13854.12776533,35221783.41618761
5606.33099397,8842.74060358,31430947.21390766
4180.21505533,8945.35945165,17474197.90877000
7770.51532133,10136.42006952,60380908.35906409
17673.26299881,14462.25445863,312344225.02497584
4553.38904293,10401.76681935,20733351.77631258
5588.30247225,12170.51323783,31229124.52140325
17005.51248923,21799.14940064,289187455.02147067
18532.41127418,20999.17347237,343450267.63530904
8463.52089051,15334.67927103,71631185.86409484
5606.65148656,9875.76720917,31434540.89172009
4055.91915790,8675.52252867,16450480.21538272
2735.14418556,3705.52824611,7481013.71579084
6696.74257170,8872.12714810,44846361.07157619
5333.21118730,13278.08475457,28443141.56832916
9535.23673831,10561.57447292,90920739.65555707
16006.96582366,18151.44547315,256222954.87990883
2382.64235876,5672.92073547,5676984.60977141
6468.50447934,8807.30403145,41841550.19918668
8179.48614553,8527.43036741,66903993.60492798
18323.33297986,15449.30360913,335744531.49096632
6840.13773547,11223.32709612,46787484.24018066
11595.84479499,13921.69833999,134463616.50952873
30002.70036840,26484.83965176,900162029.39572012
27185.40351308,22623.02822987,739046164.16881096
17168.23362391,17127.87626287,294748245.76518583
6327.13100831,15422.16122535,40032586.79631066
10499.62797726,14419.22717084,110242187.66086420
18449.76540274,20936.22148589,340393843.41603786
5504.68398956,14212.13026671,30301545.82489137
8397.13100737,14929.08056395,70511809.15499458
18372.91020720,17116.27365754,337563829.48168570
12686.63794239,13587.37400513,160950782.28129387
5347.96185266,9480.88782770,28600695.97750948
16279.56755119,19353.02530618,265024319.65368104
36225.49641964,31680.74112335,1312286590.84910941
43319.07773791,28765.43329110,1876542496.06298780
14855.96691470,17693.05015755,220699752.97061911
15668.35020540,18052.53331384,245497198.15909982
41591.17193583,33280.95679433,1729825582.99568176
18365.26477541,15489.50063347,337282950.27105218
11231.98109775,13411.15011532,126157399.38015585
14219.40553244,19552.76178410,202191493.69606897
21638.95921319,18789.81428061,468244555.83020514
17694.30728695,14487.76896339,313088510.36496776
11348.51221057,16195.64457655,128788729.39344195
8644.63528936,16532.87899165,74729719.28604338
10179.69677173,20196.34346880,103626226.36447018
7206.86359251,13467.36747555,51938882.84108455
6577.81358275,11052.11210733,43267631.52935442
4190.26057045,9414.89364259,17558283.64830545
15739.38701639,19264.47019459,247728303.65163991
12664.72456549,13548.41337751,160395248.31981310
4049.95302423,9498.83052334,16402119.49845170
6057.26893232,12066.07900465,36690506.91842446
21660.47410624,26506.01426112,469176138.50724983
16000.50910158,18184.22837280,256016291.50968194
6569.22411068,13513.26020856,43154705.41635735
8349.79649507,16730.45158042,69719101.50900133
7322.11939417,16045.93054608,53613432.42248964
5914.23883316,13865.33615957,34978220.97564966
9843.99273240,19581.29051749,96904192.91553465
8774.53363479,17814.82152487,76992440.50799027
8573.15733596,14867.21544359,73499026.70705116
7365.09842191,16089.67173440,54244674.76437900
6803.89077649,10489.86765422,46292929.69836672
3744.46901589,8909.44280934,14021048.21099520
9075.87994605,9793.54809473,82371596.79513173
21671.78226875,18816.40184517,469666146.70393741
6714.41258687,13211.43052984,45083336.38674570
4376.36701257,9203.99792093,19152588.22869340
12174.14939900,14897.04928045,148209913.58906642
10554.25077130,14509.18831823,111392209.34351137
6986.13000018,13336.03102362,48806012.37947530
6364.16045547,11308.22821038,40502538.30295394
5495.30422411,9213.73452880,30198368.51556265
4048.71019460,8689.26920703,16392054.23987540
7805.81309873,12196.97306955,60930718.13236839
6799.97241695,16942.77240685,46239624.87124321
12962.66899342,14816.10931358,168030787.43303740
21759.71389168,26584.95770393,473485148.64791930
3577.20853955,9085.30685768,12796420.93543268
11989.27207249,14698.82107007,143742644.82819879
17436.68268230,15898.28639184,304037902.96310091
41603.46585551,33297.59272975,1730848371.19087839
16048.33177674,21420.08017412,257548952.81616834
14958.43141873,16822.20530812,223754670.50880286
43106.29892875,33523.96550044,1858153007.33474731
30071.07244438,26559.76912582,904269397.95510972
20477.89290461,20744.35961407,419344097.81252748
7853.75967602,15976.64214014,61681541.04875491
12136.25780064,14852.85173635,147288753.40354466
16991.36400820,21825.14329338,288706450.85920727
7710.26913179,18413.99691388,59448250.08468017
5861.06743420,13643.83367443,34352111.46829148
13156.15916621,13851.85673911,173084524.00669944
15818.90771770,19371.55397460,250237841.38115454
5165.71902995,11249.85232109,26684653.09640548
10193.81993237,14918.70464217,103913964.81352088
26035.07939356,19902.95731410,677825359.02900743
36351.30506436,31805.68089530,1321417379.88222456
13232.84818206,18835.28603450,175108271.00933841
7993.33119993,10302.66591950,63893343.67171220
17487.96814551,15966.83172530,305829029.85843873
8220.14504444,8592.95370822,67570784.55163644
5912.19908908,9346.60348244,34954098.06893771
6741.75908447,14195.44693500,45451315.55296976
9075.47434479,9803.55797031,82364234.58286485
7791.06007406,10187.16983400,60700617.07754662
7226.01124986,15501.03501933,52215238.58305723
6946.15683372,16506.94945262,48249094.75857925
15657.69395534,17578.73910925,245163379.99901789
10203.80083809,20286.12367216,104117551.54332487
7057.58190356,14680.62268135,49809462.32551878
3317.14123765,8243.21986161,11003425.99051356
13141.14336296,13830.28596953,172689648.88580072
18376.78388563,17126.00451548,337706185.97902602
5443.77230147,11508.22752818,29634656.87029807
3695.48715457,8244.91069746,13656625.30960295
12975.81268986,14848.68826950,168371714.96237141
9570.31351469,10610.29168697,91590900.76951309
5040.82978331,10378.52662184,25409964.90432814
6855.81618634,14702.99525712,47002215.58091519
8556.91930366,14861.07062340,73220867.96934895
9171.02567935,18670.99337297,84107712.01126155
10630.55462014,21710.92443881,113008691.53182735
18190.03565661,26155.71260111,330877397.18878657
6863.51297997,14686.48962089,47107810.42622333
8345.64031269,16759.82811942,69649712.22881429
14087.36194702,16939.50280999,198453766.62624010
5867.58922780,14563.05226911,34428603.34622644
6734.14630544,14153.07991424,45348726.46302863
14202.14480362,19524.24874119,201700917.02298045
7608.94246384,20672.01854920,57896005.41806863
5711.45210934,12344.89624143,32620685.19723856
7852.57106196,15997.94912777,61662872.28308915
6338.94278646,15485.56047169,40182195.64997508
7335.99181495,17592.42718384,53816775.90899264
14957.21554421,17914.58197707,223718296.83581239
6370.91855406,11286.28148653,40588603.22242553
5616.92215388,9865.09394796,31549814.48274370
15175.54663180,19283.00191664,230297215.57394823
7200.44768385,13338.60182568,51846446.84788945
3698.24091912,8213.57944320,13676985.89583439
6065.41980761,12054.30503850,36789317.44260433
4734.20273971,7579.60569145,22412675.58067385
6229.36403618,12345.08192834,38804976.29520796
7971.06857998,10267.61131144,63537934.30673876
15626.11684774,18005.80541208,244175527.73909101
8041.09880083,17310.47373550,64659269.92465077
6914.26341947,10700.68612546,47807038.63376991
14917.03605853,16776.26462658,222517964.77154118
11594.83178947,13927.03920995,134440124.22615266
9660.62752429,13667.33255368,93327724.16316323
5713.87739972,12315.56359029,32648394.93900107
4363.34586784,9173.16317448,19038787.16243951
5563.04859764,12175.13959003,30947509.69974265
7414.34203238,15129.00477536,54972467.77313165
6171.97775760,13563.37358282,38093309.44026911
3313.38055117,8247.45411428,10978490.67689751
4188.91580625,9452.67774421,17547015.63184951
6195.96719257,10005.42250593,38390009.45141426
6030.37741145,14404.94493714,36365451.72457741
10172.12016342,14891.64763019,103472028.61906968
16256.14732009,19352.51083390,264262325.69256106
8730.28227450,18736.05301628,76217828.59245262
6236.41441308,12380.43741676,38892864.73167603
11996.62266046,14714.42260338,143918955.25749037
6487.89710245,8850.95179157,42092808.81202150
6046.47797944,11837.26914206,36559895.95585711
5869.01575408,14589.43991814,34445345.92166550
3731.36286788,8898.87538576,13923068.85176816
4164.70372026,8970.63132248,17344757.07757142
9395.11392788,17858.76162167,88268165.71785662
15953.08919688,21384.38969561,254501054.92353690
6945.09626674,16466.64347205,48234362.15424445
8661.57799379,16563.91553780,75022933.34257291
15709.45652107,20112.90930059,246787024.18746600
6181.06142598,13541.11431634,38205520.35177596
5856.10152423,13605.27833544,34293925.06211947
8377.94765683,14914.57980054,70190006.94057499
7538.30188960,17114.75486470,56825995.37868929
7201.57233034,13371.91550531,51862644.02914698
6787.62480403,16955.53311893,46071850.48026451
5319.96238847,13309.71893578,28301999.81477550
8662.11171811,17628.60296267,75032179.41706149
18224.06466164,26168.03589644,332116532.79158413
8775.39924357,17794.04859825,77007631.88413474
10819.78256750,19877.59399669,117067694.80790509
24021.96404820,35150.34161713,577054756.73324800
9054.72144373,12234.87512588,81987980.42354460
4468.08698247,7699.20933632,19963801.28294950
3982.49382524,6860.69431180,15860257.06810471
7317.96708920,8335.76412305,53552642.31856255
4111.76191813,6152.13130624,16906586.07137894
2333.90533834,4804.83396680,5447114.12833075
2257.31660557,4102.24113959,5095478.25777279
3762.18376479,6599.91777929,14154026.68007993
3009.62684791,4786.16749505,9057853.76364869
2704.14593001,5267.27862781,7312405.21077250
2007.39169541,4096.73059806,4029621.41879769
3015.06263764,5449.64798753,9090602.70888450
6317.32494789,7448.86378845,39908594.49721806
3079.67796721,4408.23659163,9484416.38170101
3069.64544877,3668.75710619,9422723.18113510
6363.48753378,7019.94896534,40493973.59259424
4351.97833488,6664.10908618,18939715.42727114
1726.41756638,3610.99447747,2980517.61352242
2055.69106038,4321.44459604,4225865.73573912
2814.56532988,3222.59705032,7921777.99616059
1914.85977829,3920.74995939,3666687.97051742
1516.43062309,2944.28785369,2299561.83465965
2617.38462187,3806.47925803,6850702.25879558
2136.77934542,4808.97612318,4565825.97100510
2016.71223406,3526.94211091,4067128.23502718
4062.83883770,4943.81499529,16506659.42108949
3103.14183677,3932.58805185,9629489.25910680
2805.36573015,3781.60770555,7870076.87992239
3228.54537690,5851.18195108,10423505.25068689
1973.98652760,3989.26758276,3896622.81112695
2361.13834309,4665.04612936,5574974.27523296
3223.27280305,5825.87307930,10389487.56291206
3204.44476205,5422.48211675,10268466.23304769
1184.34971296,3455.75246077,1402684.24259336
1217.24949978,2824.64054835,1481696.34472494
2810.21186102,3423.38511516,7897290.70381248
2311.44732712,4876.14800377,5342788.74605118
3032.25704991,5296.73690024,9194582.81675456
2571.63268933,4095.25939642,6613294.68881264
2153.65126982,4158.57632459,4638213.79197691
1992.20126661,4137.62355846,3968865.88668408
2408.47362008,4615.33414547,5800745.17860438
1044.37771379,2396.73806971,1090724.80905227
1857.51724960,3105.89529935,3450370.33257153
2669.50863287,6149.41743820,7126276.34096480
1064.83890141,3201.24331612,1133881.88596182
1397.94617394,3300.70646136,1954253.50523289
3217.88638326,5841.15833415,10354792.77556699
5837.98384708,6742.28665172,34082055.39877805
2933.18035520,4887.66871325,8603546.99611921
2341.01340264,3476.05850632,5480343.75134426
4884.13087587,4189.34739954,23854734.41259490
2458.88376372,3143.62277881,6046109.36347038
1953.01596682,3401.97904688,3814271.36664670
1696.09535104,2543.70717604,2876739.43983643
2776.62581987,3103.72549784,7709650.94358760
1798.35437406,2122.83010103,3234078.45471308
1567.78654179,2573.61702888,2457954.64061830
1166.79915094,1589.47432024,1361420.25863140
2512.44108739,2593.19601728,6312360.21762761
4955.26609756,5514.35704772,24554662.09767362
2385.01063797,3278.92255466,5688275.74321440
1827.32772068,2632.51619400,3339126.59876156
6368.48423675,7023.29129714,40557591.47370065
4293.68772619,6140.17058116,18435754.29007183
2555.32293102,5620.88984180,6529675.28179364
1440.06813915,3521.63067277,2073796.24539903
1809.23414053,2296.13182601,3273328.17526068
1505.41918069,2452.58210701,2266286.90960027
1865.66101217,2917.99619920,3480691.01233004
2748.89739629,2864.98668096,7556436.89531687
1013.21899732,2118.82568301,1026612.73653039
1269.93504959,2547.49173245,1612735.03016750
2475.72260109,4303.14267615,6129202.39753643
2516.06242877,3958.97011337,6330570.14548630
1321.86530123,2702.53532794,1747327.87458437
2158.95679315,2794.69216775,4661094.43468735
1162.21826047,2339.41617126,1350751.28497645
922.67750871,1068.79647858,851333.78507418
2506.58450493,2587.80862814,6282965.88037651
1633.75145871,3295.05291882,2669143.82882747
2541.32782368,2991.95692428,6458347.10739310
2767.04370688,4135.45417925,7656530.87577951
1052.58450234,1388.84335510,1107934.13457618
960.42302005,1853.34801676,922412.37743873
1608.31906441,2105.60997953,2586690.21295562
2969.44514351,3028.13185849,8817604.46031202
962.51511739,2325.84111360,926435.35119666
1485.34024446,2359.25484846,2206235.64180599
4305.32349946,4538.22216808,18535810.43496659
4343.32830652,4275.47769873,18864500.77823599
1640.66293096,2230.46717344,2691774.85302207
1686.37402884,3662.13825813,2843857.36515520
1891.27733493,3257.30682520,3576929.95760764
3955.61850481,5017.06623786,15646917.75557743
1855.92284811,3097.68576812,3444449.61814724
1786.53423282,3540.11996881,3191704.56505067
5130.90057031,4762.49368158,26326140.66239554
2811.81334844,3072.21076568,7906294.30648578
1251.78091808,2293.94071403,1566955.46687468
2491.67211789,3942.53406101,6208429.94308681
8552.19569656,7818.70074392,73140051.23234403
9237.92665824,6119.61131144,85339288.94306435
1701.91464335,2826.08543677,2896513.45324695
3037.95278880,3953.95484521,9229157.14697178
9888.34915759,7921.44687003,97779449.06243287
3283.45964486,3018.23405776,10781107.23940524
1639.93116033,2231.04395283,2689374.21062054
3613.46860393,4892.74635351,13057155.35157487
6361.37529530,5090.98794789,40467095.64767987
4754.47847868,3719.42237599,22605065.60427072
2802.97835358,3783.04999513,7856687.65065319
3091.70157538,4814.09433778,9558618.63119396
2347.32442534,5875.39261930,5509931.95779499
1580.85929090,3633.43101712,2499116.09762743
2313.66359618,3211.29834649,5353039.23626634
1374.02372141,2630.69197284,1887941.18699563
3856.75319183,5171.42182373,14874545.18265337
2714.68564030,3322.60890751,7369518.12567446
1035.55310260,2156.51395251,1072370.22829995
1418.77302447,2734.67602248,2012916.89497360
4121.44963616,5912.56547445,16986347.10339436
2675.98693629,3985.81262385,7160906.08320225
1317.68396232,2699.71039210,1736291.02456374
2677.05853680,4907.84543417,7166642.40946549
1823.41270132,4351.72803171,3324833.87931916
1522.28622852,3760.05262645,2317355.36155493
3019.74131435,5447.81161680,9118837.60557991
3092.07366946,5148.20868661,9560919.57734453
2285.31978079,4458.43874866,5222686.50047947
1946.15922087,4646.09573466,3787535.71298671
2246.97546814,2871.36360978,5048898.75441368
897.13340066,2133.17912484,804848.33857343
1685.35412361,2606.72059253,2840418.52197045
3575.48816963,4171.42916545,12784115.65114827
1119.91619187,2603.44225709,1254212.27681226
899.08892186,1785.16044570,808360.88940515
1533.42376500,2798.27482701,2351388.44306804
1418.92893284,2785.93727057,2013359.31643665
1035.95835053,2164.47399539,1073209.70402278
2421.10584317,2938.87379398,5861753.50383945
1311.67525809,2318.05886366,1720491.98269625
1193.21627806,2314.56888542,1423765.08623846
2775.18061595,3099.68992626,7701627.45116942
1977.99738859,4307.68859435,3912473.66926114
3202.63033119,4337.33018224,10256841.03823633
5699.50470880,7869.00942078,32484353.92564964
1424.91103094,2237.24240652,2030371.44609564
1385.11312497,2925.26654322,1918538.36897031
3237.89551867,3826.20342397,10483967.38979818
7685.77539324,7742.64149043,59071143.39536352
2314.14914702,4344.56381769,5355286.27464447
2072.66751996,3068.56427249,4295950.64829900
7406.31156827,6902.99707631,54853451.04634824
4380.55699670,4926.31709060,19189279.60133443
1700.77096341,2828.08459215,2892621.86998415
1699.39142021,3469.11694767,2887931.19907057
1947.88769794,3199.83906702,3794266.48379749
3165.85676997,4979.65370497,10022649.08795413
2153.03555627,4154.07055843,4635562.10657660
1890.52738459,4221.35048566,3574093.79188545
3047.07450081,4118.09596206,9284663.01349863
3702.57918508,5871.50225774,13709092.62175843
1458.74515952,3169.57054218,2127937.44042387
2129.21255273,4086.58421856,4533546.09470856
5958.28352109,5208.30546081,35501142.51764734
7291.39157782,7850.24997564,53164391.14106630
2322.91097966,4354.60958971,5395915.41942136
1449.76762979,2636.38813631,2101826.18037707
3527.87090365,3979.25387389,12445873.11285370
1453.94179831,2324.72598512,2113946.75287284
960.98347559,2335.30909918,923489.24035738
1680.44100012,4227.40977163,2823881.95488225
2069.29096720,2891.62388331,4281965.10695254
2010.43499977,3151.44043790,4041848.88830014
2135.86467294,4820.44719488,4561917.90111147
2735.93397872,5336.51570672,7485334.73593074
3603.13389049,4905.04054186,12982573.83281050
2639.41889634,6240.37374525,6966532.11035508
2534.26022034,4231.42958776,6422474.86440996
1035.38157883,2263.55183056,1072015.01377559
3083.72210379,4196.25994867,9509342.01338042
3189.87556589,4150.31134068,10175306.12585239
1121.54081271,2604.84355001,1257853.79457937
1212.18859033,2289.30114024,1469401.17852158
2317.20512045,3788.04677907,5369439.57023809
1181.90906922,2236.44644771,1396909.04789880
1013.08778592,2122.20244940,1026346.86198016
2553.08130347,4382.57216646,6518224.14213794
1937.19509941,4081.10450573,3752724.85315939
2312.42434109,5300.51021668,5347306.33325326
3765.89472714,6624.72124224,14181963.09589654
6364.15474486,7206.27349511,40502465.61649089
2316.48059416,3864.82298671,5366082.34312619
2714.11130506,4387.76353832,7366400.17625956
4877.40637521,4657.43715687,23789092.94890615
2355.18800927,3634.75427996,5546910.55898947
1500.04832109,3025.09034207,2250144.96559008
2177.42144198,3781.73102037,4741164.13601165
2531.49827195,4229.10999578,6408483.50087886
1913.08132107,2407.05938343,3659880.14103393
1303.35665475,2688.78676542,1698738.56948083
1439.28692970,2779.20355391,2071546.86601472
2316.48746704,3227.46931748,5366114.18493225
5146.00571090,3972.60673099,26481374.77663292
1996.74430256,2106.56365526,3986987.80979814
2216.68592860,2236.54114284,4913696.50604695
4884.93637310,4186.97261475,23862603.36925952
2757.53062776,3394.14644447,7603975.16303899
913.61515849,1880.54497612,834692.65781374
1464.03970502,2757.64993665,2143412.25786047
1880.15201161,1953.92918169,3534971.58677245
1165.67648606,2591.59425657,1358801.67015119
1176.25446259,1999.00240392,1383574.56075827
2447.99093119,3476.81470292,5992659.59916402
1458.36660110,3161.42910048,2126833.14319631
1236.65504528,1944.95338336,1529315.70100721
2015.32553951,2856.31738297,4061537.03021692
1530.94434545,2386.74102589,2343790.58887887
1252.37342840,2293.99798590,1568439.20416707
2254.50400184,2717.23178378,5082788.29429303
1036.93122035,1904.81635968,1075226.35574444
1418.90145316,2620.92031316,2013281.33377279
2816.88290029,3427.14316343,7934829.27395253
1823.79351492,2385.98554397,3326222.78506208
537.57674934,1519.60517169,288988.76143510
873.18127325,1724.76048468,762445.53594690
1881.80674056,1955.49667024,3541196.60882335
1331.25429749,2237.19881103,1772238.00458943
1003.37374660,2215.71744144,1006758.87536321
1438.05308879,2387.59347692,2067996.68618297
1426.78703216,2234.60335250,2035721.23512763
959.16572707,1696.04625930,919998.89198995
690.75902335,1547.93636098,477148.02833808
474.70661738,1044.93048111,225346.37258323
1055.53698601,1390.48107722,1114158.32884148
1962.88744612,2459.95965306,3852927.12613743
586.23833364,1361.79547153,343675.38382512
996.84801444,1750.41958224,993705.96389812
2814.78179912,3224.92986389,7922996.57666813
4795.77953806,5038.72767437,22999501.37764651
2051.26544456,3380.49982133,4207689.92404087
2846.63683928,3852.51356268,8103341.29474343
4882.93184798,4654.03615632,23843023.43198412
2039.86120261,2538.18312055,4161033.72591200
1522.27258511,2449.92070299,2317313.82339070
2020.69987709,2620.81168177,4083227.99328590
2249.50609712,2865.93639346,5060277.68097515
1998.62101469,2309.75385765,3994485.96036707
1447.00999979,2417.81168177,2093837.93948996
929.40391975,1821.68287691,863791.64604634
1809.33467067,2302.36637105,3273691.95049434
5603.85549454,5925.84225059,31403196.40366341
2396.56641050,3469.95559237,5743530.55992900
3448.80700822,4813.01201962,11894269.77992886
7330.64185878,8337.86651723,53738310.06167405
4664.47626738,6832.60682844,21757338.84898953
2125.11200928,4182.28902316,4516101.05199496
1781.82338254,4018.78809733,3174894.56657112
3440.89196430,4802.23240100,11839737.50996988
2513.43947271,4694.39300913,6317377.98295735
2402.41397870,3951.93957704,5771592.92504348
4259.22036038,4682.06321671,18140958.07825680
2314.09985774,5276.24133450,5355058.15158127
1453.53806022,3155.75928272,2112772.89251485
2199.68046998,3967.23409024,4838594.17000117
1661.33348640,2976.56937271,2760028.95304568
1525.55708693,3754.10625995,2327324.42547586
2124.81444588,2975.99525712,4514836.42943531
1124.88419409,1961.03297274,1265364.45010339
839.77101403,1276.56742358,705215.35600209
1825.58450911,2628.87116265,3332758.79989055
1739.18221987,3279.46632882,3024754.79390733
1010.55456391,1795.11850697,1021220.52664413
1228.80110993,2124.61075919,1509952.16775870
995.49237227,1745.69379203,991005.06323892
1708.10150817,2549.01634019,2917610.76219929
1663.00573264,1832.21018094,2765588.06679432
2809.03602694,2621.37949518,7890683.40066721
2003.01783412,3133.19540006,4012080.44380566
2640.79522045,2594.04466751,6973799.39634151
5510.37556916,4272.97332944,30364238.91320216
5203.44605107,3881.18276321,27075850.80634673
4749.09037984,3713.71685671,22553859.43592625
1164.70574183,2798.19770653,1356539.46505402
1400.72878338,2138.92443881,1962041.12458968
1313.63587670,2168.93116330,1725639.21655248
1392.16626194,3295.40918689,1938126.90088302
2149.80579733,4512.42049183,4621664.96622006
1719.04729660,2805.35314947,2955123.60796260
1245.39310704,2234.96377871,1551003.99105394
1418.64890397,2617.30757236,2012564.71272796
4381.23509417,6128.40087061,19195220.95037057
4298.02629812,5092.52515999,18473030.05932707
5603.89737928,5609.04671410,31403665.83746978
3167.61069260,4968.44176981,10033757.49989843
3764.12090406,5086.44583049,14168606.18040560
7551.45925631,7219.01874411,57024536.89972285
3523.37368737,3661.43494786,12414162.14084010
3971.51246952,5031.48335120,15772911.29555985
2688.45492683,4931.29519540,7227789.89359583
2606.83090997,3560.73855700,6795567.39316855
1317.17855985,2172.39359387,1734959.35851660
2373.09215919,4669.64145795,5631566.39599037
2256.43189353,3060.36270019,5091484.89014883
1049.15241651,2550.56521457,1100720.79306214
776.67998726,2027.19540006,603231.80260757
2213.53430178,2237.18139882,4899734.10515770
1206.61470231,1998.79232044,1455919.03983707
1388.56128529,2258.08527434,1928102.44300929
1579.76816187,2108.52314589,2495667.44525414
1191.19562940,2309.72397102,1418947.02750161
831.23600298,943.31549881,690953.29265749
691.38945331,1035.38982555,478019.37615220
448.13825544,657.56583179,200827.89599265
920.92174523,1069.00526264,848096.86083706
2182.14724371,2412.61524218,4761766.59321470
1012.34787009,1513.78319202,1024848.21008426
839.24651984,1279.62813891,704334.72105727
3071.65855765,3665.63807946,9435086.29480046
1902.92492972,3858.88496898,3621123.28816798
2669.61152005,4058.49527337,7126825.66796811
2421.36232646,3542.48942598,5862995.51597660
929.61420650,1817.70795569,864182.57293057
969.54057284,1970.83864471,940008.92237756
2453.15220943,2325.23097164,6017955.76265445
5866.61654773,4040.73147516,34417189.71810341
1175.63147779,2224.22791801,1382109.37156635
1660.86390690,3015.45430920,2758468.91724285
6095.34575032,6257.41227301,37153239.81589974
6491.49521676,4902.11795472,42139510.14919588
2674.82327965,3975.98414709,7154679.57737271
819.43541308,1749.54380665,671474.39621469
952.25048373,1681.01400123,906780.98375615
448.21114416,655.91628496,200893.22974585
1166.15960852,1586.19972063,1359928.23253476
1121.49068573,2346.15999090,1257741.35818616
2007.81162938,1940.00165676,4031307.53906103
3627.01561724,3479.61387779,13155242.28770913
477.43686364,1041.18672644,227945.95876608
1179.24787983,1685.26115064,1390625.56208329
1686.12223099,1553.06237209,2843008.17783340
4226.35620585,2984.42250593,17862086.77870533
1444.80475763,2304.18828574,2087460.78766514
2405.19516585,2441.98759055,5784963.78583171
6520.49188027,5260.17538901,42516814.36072118
6520.86129612,4731.57957314,42521632.04323278
3282.21187893,3015.19410064,10772914.81821946
1152.65181917,2668.47607446,1328606.21622743
2097.14855551,2521.90234870,4398032.06388138
3508.65393833,3646.52574473,12310652.45893338
1044.84931839,2385.98096352,1091710.09813354
2317.19984327,3655.57606471,5369415.11365510
4935.52277592,4463.49683267,24359385.07161213
3499.83792540,3419.30341422,12248865.50408054
1528.94080726,2382.98853263,2337659.99210448
4453.94570243,4925.74271513,19837632.32018667
10733.06939595,8900.46116363,115198778.65819941
11262.53342309,7745.88587857,126844659.10619898
4370.43767234,4912.11389403,19100725.44776935
5068.82177793,4776.79280772,25692954.21643524
11999.97121937,8828.71396550,143999309.26564914
6532.97805948,4740.11080791,42679802.32560317
4342.42607755,4276.74446935,18856664.23896298
3640.44605873,4530.69408440,13252847.50655211
5759.69568541,4781.17214047,33174094.38855325
5208.22221325,3884.32238573,27125578.62263739
3096.71274873,3931.23672157,9589629.84816325
1992.82182395,4169.27420979,3971338.82202499
2826.37967687,4882.00536010,7988422.07783888
2328.48975083,3606.04457005,5421864.51973007
1433.60149736,2764.19734919,2055213.25322756
1209.76157600,2564.65510184,1463523.07076036
4923.39297552,5272.73478868,24239798.39141132
3654.32352476,3813.22596888,13354080.42361570
1410.73098293,2768.15427346,1990161.90619353
2441.85936847,3753.74303999,5962677.17537103
8215.41099250,8335.12068349,67492977.77574199
6479.96246368,4897.16928175,41989913.53067884
2498.67524224,3949.66449014,6243377.96617787
1789.23592917,3569.92518598,3201365.21023628
1881.23475306,3586.59620570,3539044.19610941
1657.35022055,2970.43156937,2746809.75355231
2004.07434509,4084.64028847,4016313.98063588
2371.34856423,4141.39820680,5623294.01308455
3286.99924642,3883.54279960,10804364.04597866
3010.13904313,4281.96085502,9060937.05895560
2021.25267117,2621.81977065,4085462.36072140
1758.01794997,2629.50203034,3090627.11241992
3957.79625510,3315.54458630,15664151.19691222
10687.25001558,7025.94506708,114217312.89556447
3184.86048396,4144.85141149,10143336.30232133
1656.16625753,2100.51359517,2742886.67258100
5364.46488335,4325.10089985,28777483.48467049
3664.60784467,3827.68947146,13429350.65525327
2721.30541556,3333.81548257,7405503.16473188
1417.29538930,2485.94058409,2008726.22052197
2214.35626777,2347.09644934,4903373.68062377
1578.33055896,2106.59367183,2491127.35333291
1693.76625881,2541.02264237,2868844.13946717
2731.78187347,4440.54370919,7462632.20423407
5102.74815049,4316.33914823,26038038.68736925
8553.77125031,8208.53964851,73167002.60271452
1444.65572090,2387.17662346,2087030.15192471
5165.95703222,5103.65107364,26687112.05870702
7359.69369702,5801.89201832,54165091.31394190
18058.69538675,12975.78663548,326116479.07139105
7230.02786824,7798.63025046,52273302.97558724
5836.36904909,4432.14550239,34063203.67713641
17724.68566203,10460.55524153,314164481.81762081
11276.48508145,7752.71981288,127159115.79210551
9234.39453781,6119.54997888,85274042.47996838
3088.31304835,3986.41808791,9537677.48462489
4292.57315033,4007.32303544,18426184.25090924
5600.54633805,5607.59981158,31366119.28464055
2568.67375274,4091.39804438,6598084.84799286
2392.97216845,3763.19085209,5726315.79897161
4983.02850304,4337.43660462,24830573.06208085
7178.21645817,6470.76805380,51526791.52031668
2451.85275699,3480.67858883,6011581.94197970
5119.38388298,5045.23737128,26208091.34134194
11481.30007984,7518.33047461,131820251.52334411
18082.29449577,12993.19543254,326969374.23176169
7663.60443224,7723.43686450,58730832.89377441
3722.38918852,3566.61131144,13856181.27084243
8051.05275621,5891.83328461,64819450.48320239
4241.61369647,3000.45966930,17991286.75007892
2970.42443039,3029.92388656,8823421.29664639
3047.74893969,3971.07643829,9288773.59936134
3542.07574467,3007.07741286,12546300.58098718
2814.02598533,2626.48435825,7918742.24611696
2614.63713401,3806.17967709,6836327.34253340
1949.36567914,3896.87067537,3800026.55102358
6948.74523710,5708.98197057,48285060.37017170
5334.60825118,6168.33011727,28458045.19355967
2171.76172836,3778.05658968,4716549.00475653
1876.78272153,2570.67391092,3522313.38383908
6287.25624714,5030.70776078,39529591.11714326
10685.21199079,7025.41353994,114173755.28803684
3564.09728716,4162.57362830,12702789.47233445
1715.45783693,2172.44313420,2942795.59030007
8321.59184785,5395.54520352,69248890.88226782
5885.64035161,4050.54452133,34640762.34852804
2744.67552278,2868.84283533,7533243.72535617
1830.90926251,3175.60510671,3352228.72753392
4226.53879798,4218.89374005,17863630.21081198
4262.36350409,4693.04314069,18167742.64096112
2251.72725682,4107.70334275,5070275.63911658
3650.00813368,5505.49511094,13322559.37592234
1554.34757859,3323.15865900,2415996.39505926
1714.25244468,3855.78702531,2938661.44410024
2841.25265696,3847.74222785,8072716.66067568
1620.20325596,3936.83071825,2625058.59061407
2359.86151614,3899.50524640,5568946.37536638
5316.53285483,6146.73264464,28265521.59651964
2628.58361934,6212.37020433,6909451.84384728
1208.47992636,2581.57190657,1460423.73240375
2616.65761759,3641.39476334,6846897.08770548
2328.79820348,3609.40697788,5423301.07251994
1582.67091817,3634.59539356,2504847.23521511
2646.98936369,3337.20410616,7006552.69150504
1221.51455188,2239.54117532,1492097.80046002
769.06745418,2015.24529773,591464.74907439
2335.77420217,3459.66643927,5455841.12350970
1582.82275016,3174.41360491,2505327.85842779
979.78315131,1844.21934184,959975.02358457
1806.74725082,2677.85660917,3264335.62833618
872.53230591,1718.00776403,761312.62486256
2202.97934319,3672.90234870,4853117.98650099
3372.98829137,3317.36672839,11377050.01374151
7147.83587467,6440.76233635,51091557.69123379
3671.53059480,5832.75161615,13480136.90858131
2048.38251387,2576.39528311,4195870.92311323
4765.43103858,4495.97258227,22709332.98349284
3494.53256503,3412.52249618,12211757.84803848
2807.69106996,3063.23370042,7883129.14435755
1082.54889493,2512.26498392,1171912.10991542
1236.52938487,1938.98450443,1529004.91965074
1237.05137257,2227.68307183,1530296.09836756
1218.68745848,2819.62112205,1485199.12146790
2161.11118569,4248.79962967,4670401.55690204
1357.09324691,2369.68645031,1841702.08081143
1812.51195453,2687.61641166,3285199.58530973
1460.15709649,2759.50352467,2132058.74643041
3089.47053932,4989.05805152,9544828.21334065
4855.58930901,5488.67615242,23576747.53775024
8519.79842270,8186.75889290,72586965.16345018
5662.61601236,7840.77516811,32065220.10339943
3543.68884082,4566.48604749,12557730.60051844
6429.81149982,5980.04382289,41342475.92320120
3636.26182114,3494.83127051,13222400.03188837
2758.94586963,4142.06984374,7611782.31153024
2028.73709134,4206.97196505,4115774.18577806
1865.77806535,2850.29149206,3481127.78915122
1221.50052695,2126.64792255,1492063.53734805
2050.78355443,4328.76025728,4205713.18710651
3414.10588498,4625.08533931,11656118.99388667
1646.91653692,3869.43394081,2712334.07957050
1715.19832587,3860.63489588,2941905.29706638
2715.60313868,4374.50508397,7374500.40681398
1559.98930883,3484.95218140,2433566.64365431
2074.55854404,3653.02702791,4303793.15263332
2991.91155415,4270.59844719,8951534.74786108
1944.01827884,4636.66991521,3779207.06847963
1562.45294909,2791.05454309,2441259.21812110
2083.23114401,4005.59169022,4339851.99938130
2416.78547130,3542.84868271,5840852.01426645
1437.71934965,3525.27586655,2067036.92834816
3042.23511650,4818.61826333,9255194.50408377
1967.99435871,3892.18032680,3873001.79592650
1780.81462706,4017.21875711,3171300.73595458
3980.11427990,6852.45395186,15841309.68107323
3552.46879746,6373.86706949,12620034.55693224
1805.79780636,4058.27931001,3260905.71745743
1972.32715767,3904.06610792,3890074.41686872
2398.12574390,3478.03034142,5751007.08357400
1427.17058967,3338.29821655,2036815.89203039
1978.91953366,3224.22047884,3916122.52069680
4237.59981932,4227.83789754,17957252.22866886
1929.93419043,4076.36461683,3724645.97938928
1490.80614147,3528.73046812,2222502.95145677
2781.10389531,4592.79410714,7734538.87649192
1891.49420533,3600.68839944,3577750.32878950
1831.62437748,4367.08452717,3354847.86018452
2247.97492905,3374.61829581,5053391.28164815
1390.50471219,2316.97215996,1933503.35461590
1010.87776873,1516.37241335,1021873.86332240
2384.91826468,3281.62810642,5687835.12921296
979.18428527,2925.44063282,958801.86451146
1266.67519602,1757.57444044,1604466.05220966
1879.29865629,2859.67751681,3531763.43955136
586.34304775,1366.45596596,343798.16964110
2002.66149195,2216.68274697,4010653.05135000
1737.91788046,1682.52356820,3020358.55922590
3546.11879547,3010.46899263,12574958.51158603
2065.83018546,2883.54585323,4267654.35516452
3483.45806544,3582.95474775,12134480.09368699
6337.14116047,5342.40392424,40159358.08769803
5770.70965994,4791.34200695,33301089.97931810
6368.83247736,5099.38927330,40562027.12472266
1549.63715642,3586.34834162,2401375.31656217
2132.09074997,2855.45141799,4545810.96608827
2605.99392363,3567.00484033,6791204.32999642
1063.54778544,3202.34236429,1131133.89191510
1274.71400243,3143.83214761,1624895.78799035
1666.59969721,2203.60968716,2777554.55073877
1240.85590105,1948.59711529,1539723.36716447
1036.33742336,1907.64769516,1073995.25505162
2624.84348903,3871.87710749,6889803.34191266
3608.01416297,3795.35321444,13017766.20019158
4307.04590704,4023.91384855,18550644.44536044
1950.81446852,3205.48812656,3805677.09058281
2734.59645773,4117.40847221,7478017.78663130
4109.50716723,4578.54874444,16888049.15747694
2104.81914291,2537.48646980,4430263.62434180
1896.50504805,3275.21118799,3596731.39726691
2114.69265478,4317.31403697,4471925.02417580
2134.70417081,2863.65386739,4556961.89685721
1405.14586735,2151.05025501,1974434.90852923
1975.28372164,4003.61680148,3901745.78097617
2494.40651654,4075.46103369,6222063.86976605
1231.10536859,2874.25348407,1515620.42858279
1221.72836245,2253.18549199,1492620.19162657
1996.48704159,2104.99489978,3985960.50723451
1132.25084275,2190.35747003,1281991.97090601
1480.82939356,2357.02397427,2192855.69282743
2215.83660374,2347.77126986,4909931.85448170
1311.38206193,2318.34808173,1719722.91236410
966.69708223,2090.47724393,934503.24879997
1370.88982536,2571.28249358,1879338.91327804
953.13010027,1684.62833382,908456.98803779
1159.93735897,2342.65776565,1345454.67672291
2467.70388412,3505.67556768,6089562.45969838
1390.37872052,2315.76412305,1933152.98646322
1122.08465949,1962.92489361,1259073.98305407
3083.64479174,4412.25384141,9508865.20165309
2581.76978653,5477.28489751,6665535.23066140
3050.96505668,5040.67465809,9308387.77710760
2089.79432358,4003.99814833,4367240.31487818
1447.96232417,2420.35282461,2096594.89221232
1388.68859547,2727.85612189,1928456.01519553
2593.66438661,2918.91472566,6727094.95036721
8317.81625102,5390.52431537,69186067.18576990
2305.09089666,3778.31186044,5313444.04184578
2758.36099395,4450.78998148,7608555.37294059
7308.11237840,7827.08725595,53408506.53534856
8269.15922846,8381.10044505,68378994.34569161
4138.64073661,5925.45934444,17128347.14676498
1335.54505273,2900.91238671,1783680.58787989
1373.29234764,2568.14758146,1885931.87208971
692.45152353,1038.43121203,479489.11243516
1571.34218933,2577.52317838,2469116.27597089
2418.78396189,4115.93970698,5850515.85427333
3157.75688989,3055.04119157,9971428.57563495
6433.82621243,5977.54094793,41394119.73173948
691.14814562,1549.93818016,477685.75919686
3453.71341783,3202.31975441,11928136.37246729
3241.72555216,2851.94399506,10508784.55554848
8035.84338809,5877.76951564,64574778.95798644
3520.52940995,3965.79059871,12394127.32632299
5876.58160299,5616.04184128,34534211.33665048
14316.12859265,10900.29337621,204951537.88141194
12025.91678526,8848.99038430,144622674.52597699
9893.44132093,7931.67966085,97880181.17065012
3022.98662811,5067.52457525,9138448.15375882
4086.29179574,4551.10587012,16697780.63989775
7519.15376927,7200.63976870,56537673.40591858
2397.77623727,4600.30201735,5749330.88403161
3259.74953679,4614.72478316,10625967.04260018
5709.96144145,4833.24896859,32603659.66286288
4776.81273568,4514.18659650,22817939.91177550
2019.57901874,2859.72624501,4078699.41292491
7313.02991929,6791.78263977,53480406.60048225
11988.28487479,9357.83432414,143718974.23906222
17741.31594596,10473.81480038,314754291.49423647
7401.48476806,6899.92242471,54781976.77187901
5528.12936013,5807.57739662,30560214.22237442
14335.28261431,10915.93194296,205500327.63214681
6547.26857016,5287.15661242,42866725.72978486
4310.50688605,4548.21489134,18580469.61470611
5162.27576694,6162.63928142,26649091.09393429
6332.62444929,5341.87255953,40102132.41578344
5522.15505282,4287.07270247,30494196.42742057
4062.21718606,4952.34947861,16501608.46676108
1891.57669474,4191.27401488,3578062.39208928
3858.56690227,5458.38371829,14888538.53930799
2618.71203952,3646.83919696,6857652.74593200
1300.30335288,2679.68225969,1690788.80951115
1343.60023356,2501.43065978,1805261.58762121
4979.70952909,5242.68186986,24797506.99410558
5357.85804329,4316.62388331,28706642.81204916
1524.65862882,2791.74726310,2324583.93443482
1890.63052824,3417.28164896,3574483.79430540
7289.81454503,7814.28525485,53141396.10097042
6109.87069141,6279.86963584,37330519.86569987
2465.62060326,4313.18640159,6079284.95924463
2155.07876313,4597.89058896,4644364.47531116
2760.39939208,4584.01984862,7619804.80378366
2195.61975846,3969.99814833,4820746.12373372
2701.90100733,5261.61888055,7300269.05339656
2036.72133232,4440.76142676,4148233.78552835
1806.20871963,3079.87580808,3262389.93886931
2086.31781425,3669.54367670,4352722.02205850
1519.51021558,2453.27044148,2308911.29524655
1779.31430637,2552.00561999,3165959.40083903
2648.52983358,2055.34775688,7014710.27938352
6305.31032985,5044.17594127,39756938.35575164
3078.64993319,4199.95559237,9478085.41111312
2366.76107044,3594.59068317,5601557.96454561
5003.45794766,5266.45388689,25034591.43404776
4956.55545465,5314.73274210,24567441.97505984
3868.66891039,5195.42565702,14966599.13821322
1498.54596505,3222.87977130,2245640.00935692
1479.99910548,2357.00851119,2190397.35223240
1388.62409502,2262.82084267,1928276.87726821
1958.71922699,3406.86723191,3836581.01018019
2173.52814584,4208.58642757,4724224.60077999
2940.90103625,2981.18026183,8648898.90500364
4875.57209392,5506.80404769,23771203.24302435
1007.58929978,2221.75002436,1015236.19703855
4761.03291581,3922.59026086,22667434.42546066
4744.91906622,3247.75424747,22514256.94493318
11492.82934907,7530.93041614,132085126.44677092
5949.36022379,5201.17236787,35394887.07245629
5480.98927328,5622.40522366,30041243.41380767
12020.63051592,9385.60328753,144495558.00030255
10777.26635922,8946.43075724,116149470.17763540
8580.61775275,7850.67118215,73627001.01879925
2940.77467021,4652.81223403,8648155.66093987
3599.84185864,3789.48045999,12958861.40720529
4296.52863513,5100.25696001,18460158.31249230
3028.88843680,5292.35415651,9174165.16255690
1433.50459439,2615.49186239,2054935.42213923
2665.25783558,2345.96507813,7103599.33013212
3388.06083060,3335.47695156,11478956.19183955
1177.27323541,2005.39879154,1385972.27081294
2484.12178122,3034.75408505,6170861.02395552
4752.85263762,3256.93197544,22589608.19496349
7393.24804889,5839.45830491,54660116.71241403
3240.59668931,3835.24091219,10501466.90275137
1877.02424098,2027.51154858,3523220.00122292
3256.95422798,2876.02533866,10607750.84313539
1697.21418961,1568.11262710,2880536.00540954
1614.46779822,2120.65796056,2606506.27150267
1591.45852963,2865.14832862,2532740.25152622
1738.70168779,1688.40548355,3023083.55913182
1670.37113888,1844.15596271,2790139.74161788
1507.87057867,2948.57655199,2273673.68201135
1477.05069615,3673.29422084,2181678.75899822
3103.91191915,3567.59994153,9634269.20184129
2370.51232671,3919.46457460,5619328.69106713
1505.68439659,3034.68710002,2267085.50213260
1093.39995354,1817.38579736,1195523.45841115
2648.92144365,2056.88068090,7016784.81462950
3957.99301564,3318.84371244,15665708.71185720
1683.89043273,2610.17142579,2835486.98945476
1176.78606063,1984.64724036,1384825.43249141
2597.79487671,2932.52970796,6748538.22143976
2465.56110995,2340.11509599,6078991.58688932
1865.94540423,2929.55699574,3481752.25155936
1591.58636663,3503.36321996,2533147.16245451
1970.76532022,3223.66198876,3883915.94737331
2399.79321000,3961.64763019,5759007.45076325
2324.18021469,4811.93753046,5401813.67036586
2887.21696055,6043.41480687,8336021.77729034
1556.20487283,3187.75330540,2421773.60623075
1651.75712254,3886.98138583,2728301.59186350
2053.49837042,3388.22600136,4216855.55731111
2503.37300143,3402.28229867,6266876.38426484
3104.19588878,3566.55374720,9636032.11593488
6948.43978456,5707.82392879,48280815.43968043
3596.49867844,4901.56969756,12934802.74405407
1754.33608235,3994.39745964,3077695.08982496
3863.84567584,5475.21297469,14929303.40667699
2838.23021627,4911.66315824,8055550.76055900
2356.14248021,5904.36867752,5551407.38702794
2378.55932714,4367.08410486,5657544.47270418
1229.32052008,2872.74778287,1511228.94109689
1045.25182431,2549.41074619,1092551.37623119
2935.62449533,4890.93587370,8617891.17757905
925.07545067,2741.97306955,855764.58943815
1038.48888920,1611.58334145,1078459.17298306
1358.15293761,2371.74661339,1844579.40192913
538.49753965,1517.65214566,289979.60020712
2849.02906827,3046.65412728,8116966.63185829
2659.06654852,2343.01572296,7070634.90947564
4979.06198011,4330.81918591,24791058.20178644
3040.97210313,4109.37462236,9247511.33202918
2912.89500843,3059.94090894,8484957.33013400
5705.21958245,4828.31059351,32549530.48401432
4941.45440515,4471.89270052,24417971.63813109
5129.26085654,4765.55348731,26309316.93446655
1395.85038463,3046.28921807,1948398.29627038
1660.03172434,2198.20884904,2755705.32580675
1713.89404790,2810.18935776,2937432.80743379
1183.88742192,3453.26170289,1401589.42779201
1236.89542637,2891.20832927,1529910.29577963
1038.10059916,1616.13621155,1077652.85397346
978.48497429,1853.05139200,957432.84490459
911.03566190,1884.17899490,829985.97725167
2103.27840603,3190.57392067,4423780.05326133
2941.27438383,2982.12165806,8651095.00098724
5110.35793809,4329.04440763,26115758.25541031
3203.40063485,4346.47422279,10261775.62736886
2052.02130639,2585.60484683,4210791.44187888
3166.24831213,3067.10041257,10025128.37405795
2018.10621886,1952.87623039,4072752.71060125
2550.04094758,3004.18019686,6502708.83433869
1560.06118752,3198.37429750,2433790.90879199
1265.98933064,1758.08368255,1602728.98529817
1008.22015575,1801.52671929,1016507.88246023
1717.08963175,3620.09839847,2948396.80346138
2440.32864557,4315.58304909,5955203.89836710
1554.13352617,3187.60692590,2415331.01717842
1550.74825651,3330.94276061,2404820.15505778
2316.71273349,3868.30477861,5367157.88950287
1734.05898248,3444.15953611,3006960.55470611
1804.17022731,3072.62755417,3255030.20910595
3281.68108621,3883.86089725,10769430.75159537
2278.25997282,4459.96186207,5190468.50375940
1748.22793801,3900.92755742,3056300.92325156
3047.36779937,5051.23363545,9286450.50461929
2673.83656399,4076.68878927,7149401.97091254
2545.35086099,5641.62924341,6478811.00554053
2940.46436608,5733.79004645,8646330.68817435
1801.44091942,4061.63219959,3245189.38614703
2115.10200009,4195.95481272,4473656.47078405
4465.15830323,7718.89211578,19937638.67286216
7297.75054824,9689.26813501,53257163.06431530
2938.14566825,5719.71195140,8632699.96786780
3033.55114323,4816.11964396,9202432.53862039
5601.26455566,5929.59419160,31374164.62250714
2272.15488196,3634.43511029,5162687.80762538
1596.29938745,3499.84173083,2548171.73436353
1829.48562428,3172.80466491,3347017.64943153
2555.39227318,4378.72094987,6530029.66984895
2373.36974212,3655.72728454,5632883.93280555
2151.81610260,4599.78468635,4630312.53941790
1789.51763830,3581.98284768,3202373.37780412
2682.22917582,4921.87074034,7194353.35161211
4852.28738796,5495.95607965,23544692.89538445
2465.74791845,3506.99801839,6079912.79735172
2182.99458891,2417.35262970,4765465.37521376
4961.06083027,5518.64201020,24612124.56163945
2334.55619096,4709.64012604,5450152.60875530
1562.22833270,3190.77896891,2440557.36348325
2039.83549865,4206.23529221,4160928.86153973
1955.08482814,2455.84455706,3822356.68522254
1329.08564008,3124.86180684,1766468.63866829
1591.70329562,2854.01923139,2533519.38130186
3045.74380128,3965.09742390,9276555.30301877
1672.91713873,4208.47942046,2798651.75306868
2264.31622080,3964.79709580,5127127.94778487
5151.67117218,6147.85790859,26539715.86630580
3631.94291774,4519.68800962,13191009.35768575
3610.42584680,4891.49670273,13035174.79522522
2360.93073472,5298.44511581,5573993.93415272
2107.23687239,4297.69015366,4440447.23635399
2683.16493458,4931.69944450,7199374.06618138
2672.82243122,6143.64330962,7143979.74880749
2173.94306416,4045.44037293,4726028.44623018
1395.90491173,3050.21635318,1948550.52259648
1084.72116263,2525.79206055,1176620.00064905
2256.27927247,2722.91745444,5090796.15538622
1532.97309525,3874.92671280,2350006.51075801
2941.04878385,4654.31364714,8649767.94895681
3091.87172216,3997.85027450,9559670.74628572
1694.28970050,3470.18464737,2870617.58920393
1569.05949822,4039.15778189,2461947.70895149
3038.53320132,5087.08062892,9232684.01552417
1150.97632283,2680.17525907,1324746.49571118
1687.40451152,3678.33440535,2847333.98549950
2366.00866858,5315.52662184,5597997.01978149
1553.33004956,3589.55199298,2412834.24287870
1168.52128227,2811.99623169,1365441.98712156
3228.98401303,5874.62151187,10426337.75639910
5358.51105935,6238.34639249,28713640.77313480
2373.46363481,4358.44037293,5633329.62577732
2649.95041556,3345.97082805,7022237.20494448
5149.77698090,3971.15456583,26520202.95301217
2037.20622599,2653.58980606,4150209.20720792
1496.80163061,3211.97186759,2240415.12138641
1416.71501563,2481.99532209,2007081.43551070
2428.32502226,2938.25900659,5896762.41373291
1756.78588600,2429.35074554,3086296.64925445
1331.73812113,2895.02319462,1773526.42326736
822.02299672,1747.98759055,675721.80714224
2167.35732973,2792.37712374,4697437.79472343
4855.17044106,5493.34947861,23572680.01170479
2249.77090712,3366.59123542,5061469.13450658
2124.23995226,2976.68463113,4512395.37479776
6330.85225910,7445.68664523,40079690.32659013
2926.33690757,4359.73745249,8563447.69658878
1753.66753385,3884.89549427,3075349.81927705
1561.61056381,2785.44154241,2438627.55301807
1998.58895290,2308.13156612,3994357.80265591
1014.08695300,1793.70675373,1028372.34823982
1173.57563108,1973.95253874,1377279.76187048
1712.20064211,2165.60679596,2931631.03884149
1210.76961861,2279.94776338,1465963.06935657
1098.19342584,2156.43348602,1206028.80055753
1891.81114248,3410.97917682,3578949.39881277
2445.98939760,3756.44108761,5982864.13315504
1418.99100752,2730.16980151,2013535.47943500
1756.63494378,2430.25900659,3085766.32569731
966.88173055,2086.72335380,934860.28087193
829.93156491,942.13666634,688786.40243136
1804.28028015,2120.20810187,3255427.32933433
1344.54895944,3520.17776045,1807811.90433990
2044.01229703,2574.04203619,4177986.27039615
3546.22906830,4558.04219862,12575740.60488526
952.39136659,1692.43933340,907049.31515626
1421.20020762,2065.88418933,2019810.03015090
1870.69796247,2016.14465777,3499510.86680439
3712.35789143,3558.27999220,13781601.11404829
1444.10173088,2626.89786571,2085429.80914433
2370.42329263,3503.95266868,5618906.58623389
5511.41976490,5785.23932040,30375747.82496592
5053.43828065,4766.31205536,25537238.45636904
3031.12641782,3949.95052464,9187727.36080455
1568.71747231,4023.20407368,2460874.50794299
2716.60722558,4088.37549946,7379954.81806847
3747.33819215,5071.19786895,14042543.52635479
1988.63239987,4127.23532469,3954658.82179476
1824.77826708,3118.32033915,3329815.72400791
2910.45602458,3056.72306143,8470754.27099699
2050.40047628,2581.38215898,4204142.11312351
1236.47186273,1944.01988110,1528862.66731094
2585.25146605,3692.54705519,6683525.14269539
5458.74778647,5603.15456583,29797927.39630875
5829.83667192,4425.65799305,33986995.62126359
2058.23939976,3054.52041711,4236349.42672639
2376.29534426,3513.85433519,5646779.56316274
5872.82284996,5614.28187636,34490048.22704605
2407.07657603,2443.62505279,5794017.64286648
1481.70360391,2354.81739921,2195445.56984703
2264.51540353,3966.27024656,5128030.01282585
3475.78682498,3575.45940941,12081094.05272506
2642.10408807,2596.62034240,6980714.01221264
2014.64915194,3528.60812786,4058811.20540061
2220.44642195,3357.81103206,4930382.31276270
1753.76791626,3980.07854985,3075701.90410506
1208.08572844,2580.65454959,1459471.12726117
1912.90608381,2396.59321704,3659209.68548430
864.88640989,1717.89438976,748028.50201933
2353.40626669,3577.28795114,5538521.05608947
1656.03507266,2095.69859988,2742452.16189486
900.85279535,1781.96338888,811535.75888443
1098.74656714,2160.08660624,1207244.01881258
2748.65873726,4443.52496508,7555124.85393123
1652.16835034,3020.89767079,2729660.25785864
1268.55361751,2550.28801611,1609228.28049408
2380.36207260,3654.32498457,5666123.59668820
1490.08909521,3523.21878959,2220365.51166071
1452.33194311,3164.37364779,2109268.07297218
3016.94030250,4786.57232888,9101928.78883506
2462.35468234,4083.74213040,6063190.58165321
1734.35361442,3444.89309034,3007982.45983694
1560.72101509,3491.39128740,2435850.08692926
2041.42030730,2542.92408147,4167396.87105149
688.61858215,1594.41539161,474195.55168071
1092.93842227,1815.65169087,1194514.39487475
1877.97848878,2574.39343144,3526803.20430599
1033.93025865,2262.66536725,1069011.77974687
862.85760219,1723.40564597,744523.24164957
1345.06259957,2506.84588896,1809193.39677411
1213.15142050,2580.36425949,1471736.36905299
1374.68387736,2641.83425917,1889755.76267388
2036.98627872,2660.06864178,4149313.09969661
1131.33487866,2191.32959751,1279918.60766994
1206.64000592,2004.88207777,1455980.10388663
2461.72529814,3148.84475197,6060091.44349385
1742.92227739,3985.26400936,3037778.06501625
2099.08290883,3180.78812981,4406149.05812244
3097.72758210,4999.84686353,9595916.17289126
1333.09299626,2238.64727285,1777136.93668871
1467.15827383,2746.76223890,2152553.40047514
2475.07828603,3021.97261475,6126012.52197367
5119.14863949,5047.44235455,26205682.79314746
2117.77456065,4074.97859208,4484969.08972135
2588.80759308,3698.72384108,6701924.75396719
7292.41969765,6774.19494526,53179385.04671824
4454.63083050,4933.66780366,19843735.83604451
2487.65090360,3945.51356268,6188407.01816224
1529.37317524,3867.60650359,2338982.30915045
2611.99518902,3855.79098853,6822518.86746648
4375.03505929,6136.89185589,19140931.77003524
2305.30946492,4875.33323588,5314451.72906040
1148.24990484,3043.22515674,1318477.84395408
2847.90499804,3049.94233830,8110562.87784329
2210.99213284,3693.13371016,4888486.21146896
1166.66178629,2593.70867037,1361099.72359275
1469.18496156,2751.63366144,2158504.45128155
4754.31493855,3918.88318228,22603510.53490308
5185.17790594,5121.98489426,26886069.91625175
1382.38040753,2921.36318747,1910975.59112379
1421.01712511,2071.74742553,2019289.66985783
3466.44280088,3219.25657018,12016225.69176517
1185.62438512,1699.16252477,1405705.18259716
957.00484824,1860.28717149,915858.27955053
1329.05040696,3131.20098756,1766374.98422798
2001.73367004,2216.11165254,4006937.68577626
1711.20163782,2564.47289088,2928211.04528888
1906.11674089,3925.05256148,3633281.02988517
2005.51325487,3599.49381152,4022083.41547516
2495.39607272,3396.60250788,6227001.55976635
1620.84701634,3957.06415879,2627145.05039425
2363.94104993,3635.77637007,5588217.28754604
688.13735381,1591.27810805,473533.01770838
1774.38964959,2546.05600494,3148458.62857575
1753.08019612,2631.00126693,3073290.17402303
897.41202704,2130.19721924,805348.34628470
1009.63112581,1798.15722964,1019355.01020071
1385.39730041,2732.06315174,1919325.67999329
968.59187470,1982.63411623,938170.21973333
1503.46036228,2457.40551603,2260393.06094091
2271.49717705,3640.76376571,5159699.42533559
1421.52666299,3336.92408147,2020738.05358732
2504.49191745,4714.95455284,6272479.76459149
4114.91008478,6165.53480817,16932485.00582956
5971.87287469,7399.50732547,35663265.63142330
2443.53301854,4310.19094955,5970853.61269523
3408.37908209,4628.50479161,11617047.96722365
4802.11444039,5045.31234772,23060303.09858635
2000.26357059,3588.68281194,4001054.35184927
1480.88532017,3661.51966995,2193021.33150894
1944.95492101,3887.43329110,3782849.64476377
2737.02055552,5328.22915245,7491281.52134482
2224.27263082,3361.43985317,4947388.73619816
1890.79809349,4192.09034207,3575117.43032709
1999.65532308,4184.65555664,3998621.41113169
3098.72830698,4825.31072345,9602117.12045384
5363.90097166,6237.01185719,28771433.63378071
2498.06813495,4067.09336322,6240344.40683735
2266.16259343,3063.42994510,5135492.89986931
5855.86333680,6744.67576260,34291135.41931526
2635.75205461,4027.53175454,6947188.89337325
1235.88712781,2876.89263555,1527416.99269597
2165.01827788,4246.57346587,4687304.14357295
1827.98506648,2389.62420817,3341529.40326935
1148.61429062,3033.50076341,1319314.78860838
1431.83864740,2607.89828802,2050161.91217685
2387.34411051,3756.95718416,5699411.90200986
1886.45791665,4206.35126531,3558723.47129154
1825.22755803,3119.16323945,3331455.63859020
3238.34907586,4595.34083748,10486904.73709293
2313.49345361,3655.54828964,5352251.95991187
1786.96563995,3544.19426307,3193246.19836625
2177.14502578,4039.24029497,4739960.46329265
1270.52841722,3130.84156840,1614242.45896529
2140.29570853,4515.88685313,4580865.71993987
3219.52436926,5428.33323588,10365337.16426812
2638.30782870,4036.89364259,6960668.19899895
924.09379903,2741.76272618,853949.34941208
1581.98741769,3186.85628431,2502684.18972166
2758.83737154,3405.86398337,7611183.64257865
1743.62819426,3987.71948803,3040239.27982259
2168.17755708,4204.75064159,4700993.91904379
2736.84295559,4448.68778222,7490309.36355376
1975.92572574,4313.68482604,3904282.47364397
1346.43769426,3531.91976091,1812894.46453593
2418.26458305,4118.97680538,5848003.59365360
1120.58536963,2357.96845662,1255711.57061922
1629.17747060,3300.11145762,2654219.23069841
2339.91801721,4723.57284865,5475216.32727114
976.80348673,2928.41217555,954145.05169466
1733.93555150,3291.56359029,3006532.49674407
4352.65057292,6684.26800507,18945567.00993937
5972.82610613,7404.12987688,35674651.69401150
2888.67724656,6028.52074197,8344456.23482140
3658.41118294,5519.13283306,13383972.38345343
6388.82802511,7215.23061430,40817123.53447902
2463.68992729,4073.40311211,6069768.05784959
2033.93801272,4429.32452977,4136903.83958511
2370.46055647,4138.94542442,5619083.24979090
3096.86057468,5151.67014261,9590545.41898542
2932.92038036,4369.78676542,8602021.95751972
2585.27180226,5480.42413020,6683630.29154264
1900.23665964,3867.99915538,3610899.36263452
4296.51506838,6158.71191892,18460041.73281688
7309.65838314,9688.77240685,53431105.67824742
3551.39928265,6369.70639639,12612436.86477634
4665.82099631,6850.56742358,21769885.56962648
9059.97131422,12239.60611376,82083080.21444084
